問題,解答,識別文字,識別番号
"来た道を<span class=""empha"">辿</span>ってゴールを目指す。",たど,辿たど,1
"その人の力量は<span class=""empha"">擢</span>んでている。",ぬき,擢ぬき,2
"近所のうわさ話に<span class=""empha"">殆</span>困っている。",ほとほと,殆ほとほと,3
"会社の<span class=""empha"">柵</span>を断ち切りたい。",しがらみ,柵しがらみ,4
"性格が<span class=""empha"">捌</span>けているといわれる。",さば,捌さば,5
"<span class=""empha"">巽</span>の方角にきれいな星が点在する。",たつみ,巽たつみ,6
"<span class=""empha"">萎</span>れかけた花を水に挿す。",しお,萎しお,7
"意識不明の状態から<span class=""empha"">蘇</span>った。",よみがえ,蘇よみがえ,8
"父は<span class=""empha"">頗</span>る上機嫌で出迎えてくれた。",すこぶ,頗すこぶ,9
"その山には<span class=""empha"">椙</span>が林立している。",すぎ,椙すぎ,10
"すばらしい贈り物を<span class=""empha"">嘉</span>する。",よみ,嘉よみ,11
"帰宅途中で<span class=""empha"">屡</span>訪れる店だ。",しばしば,屡しばしば,12
"そんな些細なことも<span class=""empha"">忽</span>せにしない。",ゆるが,忽ゆるが,13
"人を<span class=""empha"">詑</span>くことなく生きていたい。",あざむ,詑あざむ,14
"夕暮れに湖の<span class=""empha"">漣</span>を見つめていた。",さざなみ,漣さざなみ,15
"知人に<span class=""empha"">誹</span>られ気がふさぐ。",そし,誹そし,16
"<span class=""empha"">葎</span>は広い範囲に亘って密生する。",むぐら,葎むぐら,17
"眼鏡に<span class=""empha"">適</span>う人物はいなかった。",かな,適かな,18
"旧例に<span class=""empha"">泥</span>んでいては進歩がない。",なず,泥なず,19
"その<span class=""empha"">頑</span>さは誰に似たのだろう。",かたくな,頑かたくな,20
"<span class=""empha"">荻</span>の根茎が地中を走る。",おぎ,荻おぎ,21
"子供の頃、神社の<span class=""empha"">狛犬</span>が怖かった。",こまいぬ,狛犬こまいぬ,22
"生活のため玩具などを<span class=""empha"">粥</span>ぐ。",ひさ,粥ひさ,23
"我が子の<span class=""empha"">幼</span>い仕草に心が和む。",いとけな,幼いとけな,24
"お礼の手紙を<span class=""empha"">認</span>める。",したた,認したた,55
"彼の成功に<span class=""empha"">肖</span>りたい。",あやか,肖あやか,56
"<span class=""empha"">鵜</span>の目鷹の目で狙っている。",う,鵜う,57
"この論説は時流に<span class=""empha"">阿</span>っている。",おもね,阿おもね,58
"作品が<span class=""empha"">苛</span>い評価をされる。",から,苛から,59
"落語家の<span class=""empha"">噺</span>を聞く。",はなし,噺はなし,60
"人の親切を<span class=""empha"">蔑</span>ろにする。",ないがし,蔑ないがし,61
"泣く子を必死に<span class=""empha"">宥</span>めている。",なだ,宥なだ,62
"脱穀後の<span class=""empha"">籾</span>がらを掃除する。",もみ,籾もみ,63
"<span class=""empha"">煽</span>てられていい気になる。",おだ,煽おだ,64
"母の死を<span class=""empha"">戚</span>む。",いた,戚いた,65
"その決定は大きな<span class=""empha"">歪</span>みを生んだ。",ひず,歪ひず,66
"昔の<span class=""empha"">誼</span>で口ききしてくれた。",よしみ,誼よしみ,67
"<span class=""empha"">笈</span>を背負って行脚に出かけた。",おい,笈おい,68
"次々に案件を<span class=""empha"">捌</span>いていく。",さば,捌さば,69
"そのシーンは<span class=""empha"">宛</span>ら映画のようだ。",さなが,宛さなが,70
"二人の問題は<span class=""empha"">姑</span>く置いておく。",しばら,姑しばら,71
"<span class=""empha"">鐙</span>を蹴って馬に合図を送る。",あぶみ,鐙あぶみ,72
"海外に<span class=""empha"">坐</span>らにして日本の事件を知る。",いなが,坐いなが,73
"作物を<span class=""empha"">蝕</span>む害虫を排除する。",むしば,蝕むしば,74
"<span class=""empha"">賂</span>いの品と知り受け取りを拒否する。",まいな,賂まいな,75
"雪の上に<span class=""empha"">轍</span>が続いている。",わだち,轍わだち,76
"小さな穴から部屋の中を<span class=""empha"">覗</span>いた。",のぞ,覗のぞ,77
"<span class=""empha"">俄</span>か評論家になって批評する。",にわ,俄にわ,78
"歌舞伎の立ち回りで<span class=""empha"">砧</span>拍子が響く。",きぬた,砧きぬた,109
"完成は<span class=""empha"">偏</span>に君の努力によるものだ。",ひとえ,偏ひとえ,110
"着物の女性の<span class=""empha"">艶姿</span>に見とれる。",あですがた,艶姿あですがた,111
"<span class=""empha"">韮</span>には独特のにおいがある。",にら,韮にら,112
"私たちの<span class=""empha"">媒</span>は会社の部長です。",なかだち,媒なかだち,113
"<span class=""empha"">醬</span>とは、なめ味噌の一種だ。",ひしお,醬ひしお,114
"幼子の柔らかい髪を<span class=""empha"">櫛</span>る。",くしけず,櫛くしけず,115
"庭先に<span class=""empha"">鴇色</span>の花が咲き乱れる。",ときいろ,鴇色ときいろ,116
"山と山の<span class=""empha"">硲</span>をひたすら進む。",はざま,硲はざま,117
"稲から<span class=""empha"">籾殻</span>を取り除く。",もみがら,籾殻もみがら,118
"解決策がない難題を<span class=""empha"">店晒</span>しにする。",たなざら,店晒たなざら,119
"<span class=""empha"">擢</span>んでたセンスで業界のトップとなる。",ぬき,擢ぬき,120
"<span class=""empha"">蔑</span>みをこめて睨みつける。",さげす,蔑さげす,121
"その古戦場は<span class=""empha"">巽</span>の方角にある。",たつみ,巽たつみ,122
"<span class=""empha"">哨</span>を門に立たせて警備を強化する。",みはり,哨みはり,123
"強力な助っ人のおかげで<span class=""empha"">捗</span>った。",はかど,捗はかど,124
"子どもの<span class=""empha"">姦</span>しい声が聞こえる。",かしま,姦かしま,125
"<span class=""empha"">瀆</span>れた心で朗読しないでほしい。",けが,瀆けが,126
"祭りで<span class=""empha"">榊</span>の枝を使う。",さかき,榊さかき,127
"地図を<span class=""empha"">辿</span>って目的地に着く。",たど,辿たど,128
"<span class=""empha"">舷</span>をつかんで揺れに耐えた。",ふなばた,舷ふなばた,129
"雪が解けて<span class=""empha"">雫</span>がしたたっている。",しずく,雫しずく,130
"厳しい言葉に<span class=""empha"">萎</span>れ返った。",しお,萎しお,131
"相手の<span class=""empha"">怯</span>む隙に攻め込んだ。",ひる,怯ひる,132
"<span class=""empha"">梯</span>を使って屋根の修理をする。",はしご,梯はしご,163
"<span class=""empha"">八重葎</span>の覆う庭で過ごす。",やえむぐら,八重葎やえむぐら,164
"歳を重ね何事も<span class=""empha"">恕</span>せるようになった。",ゆる,恕ゆる,165
"袖の<span class=""empha"">綻</span>びを直してもらう。",ほころ,綻ほころ,166
"論語に「<span class=""empha"">矩</span>をこえず」とある。",のり,矩のり,167
"無人の<span class=""empha"">苫屋</span>で一晩雨露を凌ぐ。",とまや,苫屋とまや,168
"牛肉の<span class=""empha"">佃煮</span>が好物だ。",つくだに,佃煮つくだに,169
"<span class=""empha"">瓢</span>に酒を入れて小山を散策する。",ふくべ,瓢ふくべ,170
"「<span class=""empha"">瑞穂</span>の国」との美称が使われる。",みずほ,瑞穂みずほ,171
"昔は、藁で作った<span class=""empha"">沓</span>を履いていた。",くつ,沓くつ,172
"洋服を<span class=""empha"">矢鱈</span>に買い込んだ。",やたら,矢鱈やたら,173
"<span class=""empha"">凍</span>てつく朝に新聞を配る。",い,凍い,174
"<span class=""empha"">周</span>く知られるところとなった。",あまね,周あまね,175
"わが社はネット産業の<span class=""empha"">魁</span>といわれる。",さきがけ,魁さきがけ,176
"人心を<span class=""empha"">煽</span>って暴動を起こす。",あお,煽あお,177
"昔の戦争には<span class=""empha"">鑓</span>が使われた。",やり,鑓やり,178
"牡馬の<span class=""empha"">蹄</span>の音が鳴り響く。",ひづめ,蹄ひづめ,179
"会議の内容を<span class=""empha"">悉</span>に記録する。",つぶさ,悉つぶさ,180
"永年の功労を<span class=""empha"">讃</span>えて表彰する。",たた,讃たた,181
"細い<span class=""empha"">岨道</span>を通って山を越える。",そばみち,岨道そばみち,182
"六十<span class=""empha"">匁</span>が一両にあたる。",もんめ,匁もんめ,183
"他人の欠点をあからさまに<span class=""empha"">尤</span>める。",とが,尤とが,184
"よく水が<span class=""empha"">捌</span>ける土壌にする。",は,捌は,185
"上官の命令に<span class=""empha"">叛</span>いて行動する。",そむ,叛そむ,186
"<span class=""empha"">灸</span>の治療を施して腰痛を和らげる。",やいと,灸やいと,217
"<span class=""empha"">殆</span>うく大事故になるところだった。",あや,殆あや,218
"酷い言葉に<span class=""empha"">苛</span>まれた。",さいな,苛さいな,219
"君子の政務を傍で<span class=""empha"">丞</span>ける。",たす,丞たす,220
"現在の技術では<span class=""empha"">奈</span>ともしがたい。",いかん,奈いかん,221
"<span class=""empha"">郁</span>しい花の香りを胸いっぱい吸い込む。",かぐわ,郁かぐわ,222
"<span class=""empha"">竈</span>で煮炊きをする。",かまど,竈かまど,223
"その昔、この辺りは<span class=""empha"">廓</span>だった。",くるわ,廓くるわ,224
"一<span class=""empha"">疋</span>の絹布で羽織をあつらえる。",ぴき,疋ぴき,225
"三たび思いて<span class=""empha"">而</span>る後行う。",しか,而しか,226
"<span class=""empha"">樵</span>として山の中で生活する。",きこり,樵きこり,227
"母の悲しそうな姿が心を<span class=""empha"">掠</span>めた。",かす,掠かす,228
"雨に<span class=""empha"">託</span>けて練習をサボる。",かこつ,託かこつ,229
"川の<span class=""empha"">俣</span>にゴミがたまっている。",また,俣また,230
"<span class=""empha"">瑞瑞</span>しい歌声が心にとまる。",みずみず,瑞瑞みずみず,231
"<span class=""empha"">椴松</span>の製材を床板に用いる。",とどまつ,椴松とどまつ,232
"二頭が<span class=""empha"">轡</span>を並べてゴールした。",くつわ,轡くつわ,233
"笑いながら欠点を<span class=""empha"">論</span>う。",あげつら,論あげつら,234
"少女を<span class=""empha"">拐</span>して連れ回す。",かどわか,拐かどわか,235
"<span class=""empha"">遜</span>った態度に好感をおぼえる。",へりくだ,遜へりくだ,236
"<span class=""empha"">堆</span>く積み上げられた本の山に驚く。",うずたか,堆うずたか,237
"家の建築に<span class=""empha"">栂</span>の木を使う。",とが,栂とが,238
"<span class=""empha"">魁</span>として盗賊団を統轄する。",かしら,魁かしら,239
"落ち葉が川面を<span class=""empha"">韓紅</span>に染める。",からくれない,韓紅からくれない,240
"<span class=""empha"">塙</span>に展望所と遊歩道を整備する。",はなわ,塙はなわ,271
"足に負った傷を<span class=""empha"">庇</span>う。",かば,庇かば,272
"<span class=""empha"">鉦</span>や太鼓を叩いて収穫を祝う。",かね,鉦かね,273
"船頭の見事な歌声に<span class=""empha"">舷</span>をたたく。",ふなばた,舷ふなばた,274
"納屋が風雨に<span class=""empha"">曝</span>されて朽ちる。",さら,曝さら,275
"<span class=""empha"">鴇</span>は特別天然記念物だ。",とき,鴇とき,276
"勝利を知り<span class=""empha"">乍</span>ち明るくなった。",たちま,乍たちま,277
"岩山が壁のように<span class=""empha"">岨</span>っている。",そばだ,岨そばだ,278
"<span class=""empha"">徒</span>に時間ばかりが過ぎた。",いたずら,徒いたずら,279
"勝って汚名を<span class=""empha"">雪</span>ぐ。",すす,雪すす,280
"<span class=""empha"">野蒜</span>は味噌で食べるのが一番だ。",のびる,野蒜のびる,281
"着物の<span class=""empha"">裳裾</span>をからげる。",もすそ,裳裾もすそ,282
"先取点に<span class=""empha"">弥</span>が上にも興奮する。",いや,弥いや,283
"戦争中の<span class=""empha"">壕</span>の跡を埋める。",ほり,壕ほり,284
"<span class=""empha"">諒</span>に申し訳ない。",まこと,諒まこと,285
"遠来の客を<span class=""empha"">夷顔</span>で饗応した。",えびすがお,夷顔えびすがお,286
"過ちを<span class=""empha"">文</span>る。",かざ,文かざ,287
"物差しの<span class=""empha"">度</span>を読んで記録する。",めもり,度めもり,288
"<span class=""empha"">稿</span>を清書する。",したがき,稿したがき,289
"冬の晴れた空に<span class=""empha"">奴凧</span>を高く揚げる。",やっこだこ,奴凧やっこだこ,290
"日よけに<span class=""empha"">簾</span>をおろす。",すだれ,簾すだれ,291
"丑と寅との中間の方角を<span class=""empha"">艮</span>という。",うしとら,艮うしとら,292
"木の皮などを原料にして紙を<span class=""empha"">漉</span>く。",す,漉す,293
"造幣局では紙幣を<span class=""empha"">摺</span>っている。",す,摺す,294
"研究論文は五百ページに<span class=""empha"">亘</span>る。",わた,亘わた,325
"永年の苦労を<span class=""empha"">嘉</span>して賞が与えられた。",よみ,嘉よみ,326
"お<span class=""empha"">呪</span>いのおかげでうまくできた。",まじな,呪まじな,327
"<span class=""empha"">顎</span>足つきの招待を受ける。",あご,顎あご,328
"一日の出来事を<span class=""empha"">具</span>に報告する。",つぶさ,具つぶさ,329
"日本の発酵食品には<span class=""empha"">麹</span>が必要だ。",こうじ,麹こうじ,330
"<span class=""empha"">蕗</span>の葉を傘代わりにする。",ふき,蕗ふき,331
"貴婦人が礼装時に<span class=""empha"">檜扇</span>を持つ。",ひおうぎ,檜扇ひおうぎ,332
"霊験<span class=""empha"">灼</span>な神社にお参りする。",あらたか,灼あらたか,333
"<span class=""empha"">鍍金</span>がはげる。",めっき,鍍金めっき,334
"息子は<span class=""empha"">鍔</span>のない帽子が好きだ。",つば,鍔つば,335
"屋根に<span class=""empha"">梯子</span>をかける。",はしご,梯子はしご,336
"夕暮れの<span class=""empha"">茜</span>雲がきれいだ。",あかね,茜あかね,337
"両親の生活は<span class=""empha"">約</span>やかなものだった。",つづま,約つづま,338
"<span class=""empha"">蕊</span>は花の生殖器官だ。",しべ,蕊しべ,339
"源氏物語の四十八巻は<span class=""empha"">早蕨</span>だ。",さわらび,早蕨さわらび,340
"虫が<span class=""empha"">集</span>っている。",たか,集たか,341
"花々の<span class=""empha"">郁</span>しい香をかぐ。",かぐわ,郁かぐわ,342
"孟浩然の広陵に<span class=""empha"">之</span>くを送る。",ゆ,之ゆ,343
"総力を挙げて<span class=""empha"">塘</span>を築く。",つつみ,塘つつみ,344
"コップの水が<span class=""empha"">零</span>れる。",こぼ,零こぼ,345
"<span class=""empha"">杏</span>の実をジャムにする。",あんず,杏あんず,346
"元の<span class=""empha"">鞘</span>におさまった。",さや,鞘さや,347
"孫に<span class=""empha"">濃</span>やかな愛情を注ぐ。",こま,濃こま,348
"祖父は百歳に<span class=""empha"">垂</span>とする。",なんなん,垂なんなん,1893
"浜は<span class=""empha"">凪</span>で穏やかな夕暮れだ。",なぎ,凪なぎ,1894
"<span class=""empha"">箆</span>でご飯を盛る。",へら,箆へら,1895
"勢いよく流れる水を<span class=""empha"">堰</span>きとめる。",せ,堰せ,1896
"検事の主張は<span class=""empha"">悉</span>く却下された。",ことごと,悉ことごと,1897
"一帯が風雨の<span class=""empha"">煽</span>りを食らった。",あお,煽あお,1898
"城の周りに<span class=""empha"">柵</span>をめぐらす。",とりで,柵とりで,1899
"<span class=""empha"">鴫</span>の飛び立つ姿を目にする。",しぎ,鴫しぎ,1900
"<span class=""empha"">凄</span>まじい勢いでゴールに向かう。",すさ,凄すさ,1901
"解決するには<span class=""empha"">些</span>か難しい問題だ。",いささ,些いささ,1902
"水底に<span class=""empha"">澱</span>がたまっている。",おり,澱おり,1903
"親友の死を<span class=""empha"">戚</span>える。",うれ,戚うれ,1904
"<span class=""empha"">歪</span>な形の痕が残る。",いびつ,歪いびつ,1905
"その実力は師をも<span class=""empha"">凌</span>ぐ。",しの,凌しの,1906
"水をやり忘れて花が<span class=""empha"">凋</span>んだ。",しぼ,凋しぼ,1907
"鍛錬を<span class=""empha"">倦</span>むことなく続けた。",う,倦う,1908
"<span class=""empha"">爾</span>、自らを知れ。",なんじ,爾なんじ,1909
"<span class=""empha"">夙</span>くから趣味の釣りに出かける。",はや,夙はや,1910
"<span class=""empha"">椛</span>の美しい庭園を歩く。",もみじ,椛もみじ,1911
"<span class=""empha"">鼎</span>を使って食物を煮る。",かなえ,鼎かなえ,1912
"<span class=""empha"">僻言</span>は聞きづらい。",ひがごと,僻言ひがごと,1913
"状勢が変わり攻撃の<span class=""empha"">鋒</span>を収める。",ほこ,鋒ほこ,1914
"<span class=""empha"">廓</span>の面影が残る城址を歩く。",くるわ,廓くるわ,1915
"アルコールに<span class=""empha"">淫</span>る生活が続いた。",ふけ,淫ふけ,1916
"その人のことは<span class=""empha"">夙</span>に知っていた。",つと,夙つと,1947
"<span class=""empha"">穿</span>ったことを言う人だ。",うが,穿うが,1948
"上様には<span class=""empha"">蔀</span>ごしに拝謁した。",しとみ,蔀しとみ,1949
"戦に備えて矢を<span class=""empha"">矧</span>ぐ。",は,矧は,1950
"<span class=""empha"">櫓</span>の上から火事を発見した。",やぐら,櫓やぐら,1951
"悲劇的な結末を<span class=""empha"">戚</span>える。",うれ,戚うれ,1952
"<span class=""empha"">苛</span>立ちを隠しきれずに怒鳴る。",いら,苛いら,1953
"国王が長子に位を<span class=""empha"">遜</span>った。",ゆず,遜ゆず,1954
"清水を手に<span class=""empha"">掬</span>んで飲む。",むす,掬むす,1955
"奥の部屋から<span class=""empha"">咽</span>び泣く声が聞こえる。",むせ,咽むせ,1956
"宿ではすばらしい<span class=""empha"">饗</span>しを受けた。",もてな,饗もてな,1957
"心の中の<span class=""empha"">澱</span>を吐き出す。",おり,澱おり,1958
"考え<span class=""empha"">倦</span>んだ末に相談した。",あぐ,倦あぐ,1959
"子どもが母親に<span class=""empha"">纏</span>いつく。",まと,纏まと,1960
"<span class=""empha"">縞柄</span>のシャツを着る。",しまがら,縞柄しまがら,1961
"敵を<span class=""empha"">薙</span>ぎ倒して進む。",な,薙な,1962
"干天が続き草木が<span class=""empha"">凋</span>む。",しぼ,凋しぼ,1963
"<span class=""empha"">箆</span>で削って粘土に模様をつける。",へら,箆へら,1964
"<span class=""empha"">鼎</span>の軽重を問う。",かなえ,鼎かなえ,1965
"公園の<span class=""empha"">樫</span>の実を拾う。",かし,樫かし,1966
"昔は<span class=""empha"">甑</span>を使って米を蒸した。",こしき,甑こしき,1967
"<span class=""empha"">禿</span>びた鉛筆でメモをとる。",ち,禿ち,1968
"<span class=""empha"">斑</span>模様の服を着る。",まだら,斑まだら,1969
"その瞬間に望みが<span class=""empha"">潰</span>えた。",つい,潰つい,1970
"彼は利に<span class=""empha"">慧</span>いといわれる。",さと,慧さと,2001
"決定事項に<span class=""empha"">悉</span>く反発した。",ことごと,悉ことごと,2002
"知人の<span class=""empha"">僻言</span>を聞き流す。",ひがごと,僻言ひがごと,2003
"男女の<span class=""empha"">弄</span>れの声が聞こえてくる。",たわむ,弄たわむ,2004
"台風が畑の作物を<span class=""empha"">薙</span>ぎ倒した。",な,薙な,2005
"弾んだ心も<span class=""empha"">凋</span>んでしまった。",しぼ,凋しぼ,2006
"<span class=""empha"">厭</span>な夢にうなされる。",いや,厭いや,2007
"歩きながら一句<span class=""empha"">捻</span>る。",ひね,捻ひね,2008
"セーターの上にコートを<span class=""empha"">套</span>ねる。",かさ,套かさ,2009
"<span class=""empha"">厩</span>の馬を放牧する。",うまや,厩うまや,2010
"死んでただの<span class=""empha"">骸</span>になってしまった。",むくろ,骸むくろ,2011
"<span class=""empha"">縞柄</span>の粋な小袖を着ている。",しまがら,縞柄しまがら,2012
"<span class=""empha"">儘</span>ならぬ世の中だ。",まま,儘まま,2013
"<span class=""empha"">萌</span>え出す草木の息吹を感じる。",も,萌も,2014
"<span class=""empha"">尖</span>った塔のシルエットが美しい。",とが,尖とが,2015
"<span class=""empha"">堰</span>きとめられない思いが募る。",せ,堰せ,2016
"<span class=""empha"">遁</span>れるように田舎に引きこもる。",のが,遁のが,2017
"芳しい<span class=""empha"">匂</span>いに思わず振り向く。",にお,匂にお,2018
"彼女はとても<span class=""empha"">聡</span>く賢い。",さと,聡さと,2019
"鳩がパンくずを<span class=""empha"">啄</span>んでいる。",ついば,啄ついば,2020
"<span class=""empha"">愈</span>、自分の出番が来た。",いよいよ,愈いよいよ,2021
"気持ちの<span class=""empha"">昂</span>りを抑えきれない。",たかぶ,昂たかぶ,2022
"その意見には<span class=""empha"">些</span>か納得しかねる。",いささ,些いささ,2023
"海辺の宿に<span class=""empha"">逗</span>まることにした。",とど,逗とど,2024
"美しい花を見て一句<span class=""empha"">捻</span>った。",ひね,捻ひね,2055
"<span class=""empha"">凄</span>まじい形相でにらみつける。",すさ,凄すさ,2056
"<span class=""empha"">尖</span>のとがった石を拾った。",さき,尖さき,2057
"被害者の<span class=""empha"">骸</span>が発見された。",むくろ,骸むくろ,2058
"次から次へと敵を<span class=""empha"">薙</span>ぎたおす。",な,薙な,2059
"新時代の<span class=""empha"">萌</span>みを感じる。",めぐ,萌めぐ,2060
"空にいくつもの<span class=""empha"">凧</span>が揚がっている。",たこ,凧たこ,2061
"母の愚痴は聞き<span class=""empha"">厭</span>きた。",あ,厭あ,2062
"悲しい運命に<span class=""empha"">弄</span>ばれた。",もてあそ,弄もてあそ,2063
"新鮮な<span class=""empha"">鰯</span>で鮨を作る。",いわし,鰯いわし,2064
"恩師の死を<span class=""empha"">戚</span>える。",うれ,戚うれ,2065
"敵の窮状を見て<span class=""empha"">鋒</span>を収めた。",ほこ,鋒ほこ,2066
"古寺の鐘を<span class=""empha"">撞</span>く。",つ,撞つ,2067
"酒に<span class=""empha"">淫</span>る毎日を送っていた。",ふけ,淫ふけ,2068
"糸を<span class=""empha"">撚</span>って丈夫な紐を作る。",よ,撚よ,2069
"田んぼで<span class=""empha"">蛭</span>に血を吸われた。",ひる,蛭ひる,2070
"ほつれた裾を<span class=""empha"">纏</span>ってもらう。",まつ,纏まつ,2071
"理に<span class=""empha"">蒙</span>い人々を教え導く。",くら,蒙くら,2072
"人の心は<span class=""empha"">儘</span>ならない。",まま,儘まま,2073
"人の心を<span class=""empha"">玩</span>んだりしない。",もてあそ,玩もてあそ,2074
"<span class=""empha"">尖</span>い刃に一瞬たじろいだ。",するど,尖するど,2075
"完成まで<span class=""empha"">頃</span>く時間を要する。",しばら,頃しばら,2076
"国の<span class=""empha"">鼎</span>を定める。",かなえ,鼎かなえ,2077
"目を<span class=""empha"">凝</span>らして経過を見守る。",こ,凝こ,2078
"春が訪れて<span class=""empha"">種籾</span>を播く。",たねもみ,種籾たねもみ,2989
"<span class=""empha"">動</span>もすると手を抜きがちだ。",やや,動やや,2990
"<span class=""empha"">惟</span>うにこれは当然の結果だった。",おも,惟おも,2991
"<span class=""empha"">些</span>か物足りない説明だ。",いささ,些いささ,2992
"ハンカチに<span class=""empha"">絢</span>を刺繡する。",あや,絢あや,2993
"<span class=""empha"">恰</span>も実話のような話しぶりだった。",あたか,恰あたか,2994
"無謀にも<span class=""empha"">筏</span>で急流を下る。",いかだ,筏いかだ,2995
"月がだんだんと<span class=""empha"">盈</span>ちる。",み,盈み,2996
"<span class=""empha"">斯</span>は誰のものですか。",これ,斯これ,2997
"<span class=""empha"">堰</span>を切ったように話し始めた。",せき,堰せき,2998
"まるで雲を<span class=""empha"">摑</span>むような話だ。",つか,摑つか,2999
"捕れた<span class=""empha"">潤目鰯</span>を干物にする。",うるめいわし,潤目鰯うるめいわし,3000
"突然の訪問に出鼻を<span class=""empha"">挫</span>かれた。",くじ,挫くじ,3001
"<span class=""empha"">夙</span>に家を出発する。",つと,夙つと,3002
"小窓から外の様子を<span class=""empha"">窺</span>う。",うかが,窺うかが,3003
"<span class=""empha"">忽</span>ち人が集まってきた。",たちま,忽たちま,3004
"勉強に<span class=""empha"">厭</span>きてしまった。",あ,厭あ,3005
"河畔で集めた砂金を<span class=""empha"">淘</span>げる。",よな,淘よな,3006
"日照り続きで花が<span class=""empha"">萎</span>れる。",しお,萎しお,3007
"友情を<span class=""empha"">劃</span>かつ出来事があった。",わ,劃わ,3008
"秋茄子を<span class=""empha"">鴫焼</span>きにして食べる。",しぎや,鴫焼しぎや,3009
"大臣を<span class=""empha"">罷</span>めさせる。",や,罷や,3010
"鍋に<span class=""empha"">鱈</span>の切り身を入れる。",たら,鱈たら,3011
"その意見は勝者の<span class=""empha"">謂</span>だ。",いい,謂いい,3012
"味方の勝利に<span class=""empha"">凱</span>をあげる。",かちどき,凱かちどき,3043
"<span class=""empha"">巷</span>で話題の恐竜の映画を鑑賞する。",ちまた,巷ちまた,3044
"<span class=""empha"">恰</span>も偶然出会ったかのように装う。",あたか,恰あたか,3045
"松の幹に<span class=""empha"">菰</span>を巻きつける。",こも,菰こも,3046
"<span class=""empha"">栃餅</span>は秋の季語だ。",とちもち,栃餅とちもち,3047
"私の自慢の薔薇の<span class=""empha"">苑</span>をご覧ください。",その,苑その,3048
"お祝いに<span class=""empha"">寓</span>けて家を訪問する。",かこつ,寓かこつ,3049
"仕事の担当を<span class=""empha"">劃</span>かつ。",わ,劃わ,3050
"<span class=""empha"">肱</span>を張って立ち入りを阻止する。",ひじ,肱ひじ,3051
"<span class=""empha"">謀</span>し合わせたかのような偶然だ。",しめ,謀しめ,3052
"大きな<span class=""empha"">罵</span>り声が聞こえてきた。",ののし,罵ののし,3053
"荒れはてた建物に蔦が<span class=""empha"">蔓</span>る。",はびこ,蔓はびこ,3054
"<span class=""empha"">笥子</span>に炊いたばかりの飯を盛る。",けこ,笥子けこ,3055
"収穫の時期に<span class=""empha"">饗</span>の祭りが行われる。",あえ,饗あえ,3056
"<span class=""empha"">面舵</span>を切って北北西に変針する。",おもかじ,面舵おもかじ,3057
"家族が<span class=""empha"">亡骸</span>にすがって号泣した。",なきがら,亡骸なきがら,3058
"仕事の状況は<span class=""empha"">捗捗</span>しくない。",はかばか,捗捗はかばか,3059
"父は腕利きの<span class=""empha"">杢</span>として評判だ。",もく,杢もく,3060
"<span class=""empha"">麿</span>は一人称だ。",まろ,麿まろ,3061
"<span class=""empha"">閏年</span>は四年に一度めぐってくる。",うるうどし,閏年うるうどし,3062
"<span class=""empha"">柾目</span>の美しい木材を選ぶ。",まさめ,柾目まさめ,3063
"大きな<span class=""empha"">謬</span>りを正す。",あやま,謬あやま,3064
"人の厚意を<span class=""empha"">疏</span>んじる。",うと,疏うと,3065
"革の<span class=""empha"">靱</span>やかさを楽しむ。",しな,靱しな,3066
"<span class=""empha"">蓋</span>し芸術の評価は難しい。",けだ,蓋けだ,3097
"人を<span class=""empha"">蕩</span>かすような台詞をはく。",とろ,蕩とろ,3098
"地方官の行政などを<span class=""empha"">按</span>べる。",しら,按しら,3099
"両親は<span class=""empha"">鴛鴦</span>夫婦と呼ばれている。",おしどり,鴛鴦おしどり,3100
"ハンカチに<span class=""empha"">絢</span>を刺繡する。",あや,絢あや,3101
"<span class=""empha"">巷</span>の声を聞くことが大切だ。",ちまた,巷ちまた,3102
"彼の作品は人生の<span class=""empha"">謂</span>にほかならない。",いい,謂いい,3103
"母から譲られた<span class=""empha"">袷</span>に袖を通す。",あわせ,袷あわせ,3104
"<span class=""empha"">惟</span>うに別の方策があったのではないか。",おも,惟おも,3105
"打ち水の<span class=""empha"">沫</span>が顔にかかる。",しぶき,沫しぶき,3106
"竹の皮を編んで<span class=""empha"">箕</span>を作る。",み,箕み,3107
"鞭が<span class=""empha"">靱</span>やかな音をたてて振られる。",しな,靱しな,3108
"紡いだ麻糸を巻いて<span class=""empha"">苧環</span>を作る。",おだまき,苧環おだまき,3109
"夜道は人影が<span class=""empha"">疏</span>らだ。",まば,疏まば,3110
"<span class=""empha"">爾</span>の命は神とともにある。",なんじ,爾なんじ,3111
"<span class=""empha"">牡蠣</span>は冬がおいしいといわれる。",かき,牡蠣かき,3112
"その<span class=""empha"">邑</span>は直轄地だった。",むら,邑むら,3113
"球場は熱気に<span class=""empha"">蓋</span>われていた。",おお,蓋おお,3114
"<span class=""empha"">謬</span>った考え方を訂正する。",あやま,謬あやま,3115
"<span class=""empha"">拳</span>を上げて喜びを表現する。",こぶし,拳こぶし,3116
"汗を<span class=""empha"">拭</span>って作業を続けた。",ぬぐ,拭ぬぐ,3117
"誕生日に<span class=""empha"">寓</span>けて物をねだる。",かこつ,寓かこつ,3118
"兄ばかり褒められ弟が<span class=""empha"">僻</span>む。",ひが,僻ひが,3119
"過って<span class=""empha"">襖</span>を破いてしまった。",ふすま,襖ふすま,3120
"<span class=""empha"">迺</span>ち復変じて一と為る。",すなわ,迺すなわ,3151
"<span class=""empha"">恰</span>もその場にいるような感覚だ。",あたか,恰あたか,3152
"人の気持ちを<span class=""empha"">翫</span>ぶな。",もてあそ,翫もてあそ,3153
"川の<span class=""empha"">瀞</span>でいかだ遊びを楽しむ。",とろ,瀞とろ,3154
"彼の一生は<span class=""empha"">荊</span>の道であった。",いばら,荊いばら,3155
"<span class=""empha"">凧糸</span>を竹に巻き付ける。",たこいと,凧糸たこいと,3156
"図書館にこもって読書に<span class=""empha"">耽</span>る。",る,耽る,3157
"山肌に木々が<span class=""empha"">叢</span>立っている。",むら,叢むら,3158
"<span class=""empha"">沓石</span>の上に柱を立てる。",くついし,沓石くついし,3159
"田んぼの水路に<span class=""empha"">真菰</span>が自生する。",まこも,真菰まこも,3160
"<span class=""empha"">奄</span>ちうわさが広まった。",たちま,奄たちま,3161
"支流が盆地に<span class=""empha"">湊</span>まる。",あつ,湊あつ,3162
"学思行相<span class=""empha"">須</span>つ。",ま,須ま,3163
"<span class=""empha"">頻</span>りに催促の電話が掛かってくる。",しき,頻しき,3164
"父は<span class=""empha"">頗</span>る機嫌がよい。",すこぶ,頗すこぶ,3165
"道で<span class=""empha"">偶</span>旧友に会った。",たまたま,偶たまたま,3166
"全員、<span class=""empha"">悉</span>く失敗した。",ことごと,悉ことごと,3167
"<span class=""empha"">抑</span>それは可能なのだろうか。",そもそも,抑そもそも,3168
"<span class=""empha"">惟</span>うにこれこそ最善の方法だ。",おも,惟おも,3169
"<span class=""empha"">転</span>た同情の念に堪えない。",うた,転うた,3170
"縁先で涼を<span class=""empha"">納</span>れる。",い,納い,3171
"延焼による被害の拡大を<span class=""empha"">禦</span>ぐ。",ふせ,禦ふせ,3172
"未だ<span class=""empha"">嘗</span>て聞いたことがない。",かつ,嘗かつ,3173
"学校からは<span class=""empha"">凡</span>そ五百メートルだ。",およ,凡およ,3174
"貴婦人は<span class=""empha"">郁</span>しい香りを漂わせていた。",かぐわ,郁かぐわ,3897
"頂上から<span class=""empha"">巽</span>の方角を見下ろす。",たつみ,巽たつみ,3898
"いつの間にか花が<span class=""empha"">凋</span>んでしまった。",しぼ,凋しぼ,3899
"担任の先生に遅刻を<span class=""empha"">尤</span>められる。",とが,尤とが,3900
"わが国の宇宙開発研究の<span class=""empha"">魁</span>である。",さきがけ,魁さきがけ,3901
"昔の<span class=""empha"">誼</span>で口添えしてもらった。",よしみ,誼よしみ,3902
"ぐずる子を<span class=""empha"">宥</span>めて幼稚園へ送る。",なだ,宥なだ,3903
"恋の<span class=""empha"">柵</span>でがんじがらめになる。",しがらみ,柵しがらみ,3904
"煮え切らない態度に<span class=""empha"">苛立</span>つ。",いらだ,苛立いらだ,3905
"祖父は<span class=""empha"">閏年</span>の生まれだ。",うるうどし,閏年うるうどし,3906
"名人と言われる人の<span class=""empha"">噺</span>に聞き入る。",はなし,噺はなし,4032
"役人に対して<span class=""empha"">袖</span>の下を使う。",そで,袖そで,4033
"<span class=""empha"">栂</span>の木で椅子を造った。",とが,栂とが,4034
"学長の前に出て思わず<span class=""empha"">畏</span>まる。",かしこ,畏かしこ,4035
"夏まつりで金魚<span class=""empha"">掬</span>いを楽しんだ。",すく,掬すく,4036
"発言内容を<span class=""empha"">悉</span>く検討する。",ことごと,悉ことごと,4037
"夕飯のおかずは<span class=""empha"">鱈</span>の香味焼きだ。",たら,鱈たら,4038
"力は山を抜き気は世を<span class=""empha"">蓋</span>う。",おお,蓋おお,4039
"青い<span class=""empha"">縦縞</span>のワイシャツを着る。",たてしま,縦縞たてしま,4040
"京の街を<span class=""empha"">山鉾</span>が巡行する。",やまほこ,山鉾やまほこ,4041
"今<span class=""empha"">猶</span>達者に暮らす。",なお,猶なお,4527
"<span class=""empha"">窃</span>かに物を盗む。",ひそ,窃ひそ,4528
"<span class=""empha"">太</span>だ迷惑している。",はなは,太はなは,4529
"<span class=""empha"">仮令</span>高くても買う。",たとい,仮令たとい,4530
"巧詐は拙誠に<span class=""empha"">如</span>かず。",し,如し,4531
"<span class=""empha"">縮緬</span>の羽織を着る。",ちりめん,縮緬ちりめん,4532
"極端に<span class=""empha"">趨</span>る。",はし,趨はし,4533
"商店で日用品を<span class=""empha"">購</span>う。",あがな,購あがな,4534
"国を<span class=""empha"">彊</span>くする。",つよ,彊つよ,4535
"<span class=""empha"">梢</span>を切り落とす。",こずえ,梢こずえ,4536
"月が青白く<span class=""empha"">耀</span>く。",かがや,耀かがや,4537
"和装が<span class=""empha"">艶</span>かしい。",なまめ,艶なまめ,4538
"<span class=""empha"">栃</span>の実の灰汁を抜く。",とち,栃とち,4539
"異議を<span class=""empha"">称</span>える。",とな,称とな,4540
"<span class=""empha"">黄昏</span>時に帰途に就く。",たそがれ,黄昏たそがれ,4541
"<span class=""empha"">浅葱</span>色の服を着る。",あさぎ,浅葱あさぎ,4542
"部隊の<span class=""empha"">殿</span>を務める。",しんがり,殿しんがり,4543
"<span class=""empha"">錫</span>を産出する。",すず,錫すず,4544
"国を長く<span class=""empha"">鎖</span>す。",とざ,鎖とざ,4545
"えびで<span class=""empha"">鯛</span>を釣る。",たい,鯛たい,4546
"己の立場を<span class=""empha"">弁</span>える。",わきま,弁わきま,4547
"荒れた地面を<span class=""empha"">均</span>す。",なら,均なら,4548
"<span class=""empha"">蝦蔓</span>の実が完熟する。",えびづる,蝦蔓えびづる,4549
"書物を読み<span class=""empha"">漁</span>る。",あさ,漁あさ,4550
"<span class=""empha"">鋤鍬</span>で開墾する。",すきくわ,鋤鍬すきくわ,4551
"諸行無常の<span class=""empha"">理</span>。",ことわり,理ことわり,4552
"<span class=""empha"">嵩高</span>に物を言う。",かさだか,嵩高かさだか,4553
"<span class=""empha"">千尋</span>の谷底に落ちる。",ちひろ,千尋ちひろ,4554
"椎茸を<span class=""empha"">栽培</span>する。",さいばい,栽培さいばい,4555
"新調した帽子を<span class=""empha"">冠</span>る。",かむ,冠かむ,4556
"<span class=""empha"">藁</span>にもすがる思い。",わら,藁わら,4557
"<span class=""empha"">只管</span>無事を祈る。",ひたすら,只管ひたすら,4558
"発展を<span class=""empha"">碍</span>げる。",さまた,碍さまた,4559
"<span class=""empha"">屍</span>を人前にさらす。",しかばね,屍しかばね,4560
"<span class=""empha"">鈍</span>色の雲に覆われる。",にび,鈍にび,4561
"<span class=""empha"">兜</span>の緒を締める。",かぶと,兜かぶと,4562
"<span class=""empha"">蒲</span>が生い茂る。",がま,蒲がま,4563
"<span class=""empha"">努努</span>油断するな。",ゆめゆめ,努努ゆめゆめ,4564
"<span class=""empha"">見窄</span>らしい家に住む。",みすぼ,見窄みすぼ,4565
"<span class=""empha"">箆太</span>い声が響く。",のぶと,箆太のぶと,4566
"<span class=""empha"">態</span>と見ぬふりをした。",わざ,態わざ,4567
"息子は<span class=""empha"">申年</span>生まれだ。",さるどし,申年さるどし,4568
"<span class=""empha"">瑞垣</span>を巡らす。",みずがき,瑞垣みずがき,4569
"<span class=""empha"">利鎌</span>を振り下ろす。",とがま,利鎌とがま,4570
"内憂外患<span class=""empha"">交</span>至る。",こもごも,交こもごも,4571
"<span class=""empha"">沫雪</span>が深々と降る。",あわゆき,沫雪あわゆき,4572
"よって<span class=""empha"">件</span>の如し。",くだん,件くだん,4573
"<span class=""empha"">愛弟子</span>に説諭する。",まなでし,愛弟子まなでし,4574
"書類を<span class=""empha"">紙撚</span>で綴じる。",こより,紙撚こより,4575
"猿が林檎を<span class=""empha"">嚙</span>る。",かじ,嚙かじ,4576
"壁一面に<span class=""empha"">蔦</span>が這う。",つた,蔦つた,4577
"<span class=""empha"">妄</span>りに立ち入るな。",みだ,妄みだ,4578
"<span class=""empha"">隼</span>が獲物を狙う。",はやぶさ,隼はやぶさ,4579
"事故で<span class=""empha"">肋骨</span>が折れる。",ろっこつ,肋骨ろっこつ,4580
"車が進まず<span class=""empha"">焦</span>れる。",じ,焦じ,4581
"<span class=""empha"">雅</span>やかな格好をする。",みやび,雅みやび,4582
"<span class=""empha"">真鰯</span>を塩焼きにする。",まいわし,真鰯まいわし,4583
"<span class=""empha"">畦道</span>を歩いて帰る。",あぜみち,畦道あぜみち,4584
"落石で道を<span class=""empha"">塞</span>ぐ。",ふさ,塞ふさ,4585
"尾を途中に<span class=""empha"">曳</span>く。",ひ,曳ひ,4586
"<span class=""empha"">楢</span>を切り倒す。",なら,楢なら,4587
"旅で気分が<span class=""empha"">解</span>れる。",ほぐ,解ほぐ,4588
"不正が<span class=""empha"">顕</span>れる。",あらわ,顕あらわ,4589
"気を<span class=""empha"">緊</span>めて着手する。",し,緊し,4590
"<span class=""empha"">薦被</span>りを奉納する。",こもかぶ,薦被こもかぶ,4591
"老骨に<span class=""empha"">鞭</span>つ。",むちう,鞭むちう,4592
"境界線に<span class=""empha"">杭</span>を打つ。",くい,杭くい,4593
"野菜を<span class=""empha"">糠</span>に漬ける。",ぬか,糠ぬか,4594
"<span class=""empha"">萌黄</span>色に布を染める。",もえぎ,萌黄もえぎ,4595
"<span class=""empha"">一片</span>の花びらが舞う。",ひとひら,一片ひとひら,4596
"<span class=""empha"">漫</span>ろに歩く。",そぞ,漫そぞ,4597
"<span class=""empha"">裳着</span>の式を行う。",もぎ,裳着もぎ,4598
"<span class=""empha"">黍餅</span>を振る舞う。",きびもち,黍餅きびもち,4599
"<span class=""empha"">某</span>かの金が必要だ。",なにがし,某なにがし,4600
"乾いた畑に水を<span class=""empha"">漑</span>ぐ。",そそ,漑そそ,4601
"園庭で<span class=""empha"">蹴鞠</span>を楽しむ。",けまり,蹴鞠けまり,4602
"進退<span class=""empha"">谷</span>まる。",きわ,谷きわ,4603
"<span class=""empha"">妖</span>しい魅力がある。",あや,妖あや,4604
"相手に不信感を<span class=""empha"">懐</span>く。",いだ,懐いだ,4605
"暗闇の中で<span class=""empha"">摸</span>る。",さぐ,摸さぐ,4606
"<span class=""empha"">椋鳥</span>が群がっている。",むくどり,椋鳥むくどり,4607
"部屋に<span class=""empha"">立蔀</span>を立てる。",たてじとみ,立蔀たてじとみ,4608
"柱を<span class=""empha"">沓巻</span>で飾る。",くつまき,沓巻くつまき,4609
"<span class=""empha"">一廉</span>の人物だ。",ひとかど,一廉ひとかど,4610
"<span class=""empha"">徒疎</span>かにはできない。",あだおろそ,徒疎あだおろそ,4611
"<span class=""empha"">笹舟</span>を水に浮かべる。",ささぶね,笹舟ささぶね,4612
"一時避難所を<span class=""empha"">設</span>える。",しつら,設しつら,4613
"被害者の苦境を<span class=""empha"">慮</span>る。",おもんぱか,慮おもんぱか,4614
"良禽は樹を<span class=""empha"">択</span>ぶ。",えら,択えら,4615
"<span class=""empha"">挙</span>って参加する。",こぞ,挙こぞ,4616
"<span class=""empha"">神楽</span>を奉納する。",かぐら,神楽かぐら,4617
"<span class=""empha"">蝦根</span>が自生する。",えびね,蝦根えびね,4618
"<span class=""empha"">笹身</span>に下味を付ける。",ささみ,笹身ささみ,4619
"<span class=""empha"">四阿</span>で一服する。",あずまや,四阿あずまや,4620
"<span class=""empha"">鮫</span>をもりで捕らえる。",さめ,鮫さめ,4621
"この世に生を<span class=""empha"">享</span>ける。",う,享う,4622
"<span class=""empha"">窟</span>に獣が棲む。",いわや,窟いわや,4623
"先輩から<span class=""empha"">扱</span>かれる。",しご,扱しご,4624
"<span class=""empha"">真榊</span>を奉納する。",まさかき,真榊まさかき,4625
"<span class=""empha"">鏑矢</span>を放つ。",かぶらや,鏑矢かぶらや,4626
"<span class=""empha"">蓋物</span>に前菜を盛る。",ふたもの,蓋物ふたもの,4627
"布団を<span class=""empha"">被</span>って寝る。",かぶ,被かぶ,4628
"<span class=""empha"">日向</span>で居眠りする。",ひなた,日向ひなた,4629
"枯れた老木を<span class=""empha"">伐</span>る。",き,伐き,4630
"人の人たる<span class=""empha"">所以</span>だ。",ゆえん,所以ゆえん,4631
"<span class=""empha"">辻札</span>を立てる。",つじふだ,辻札つじふだ,4632
"必死に<span class=""empha"">足搔</span>く。",あが,足搔あが,4633
"玄米から<span class=""empha"">種麹</span>を造る。",たねこうじ,種麹たねこうじ,4634
"茶に<span class=""empha"">栗鹿子</span>を添える。",くりかのこ,栗鹿子くりかのこ,4635
"<span class=""empha"">蝦芋</span>の煮物を作る。",えびいも,蝦芋えびいも,4636
"職人技を<span class=""empha"">琢</span>く。",みが,琢みが,4637
"母と<span class=""empha"">倶</span>に買い物する。",とも,倶とも,4638
"仇敵の暗殺を<span class=""empha"">猷</span>る。",はか,猷はか,4639
"天子を神と<span class=""empha"">崇</span>める。",あが,崇あが,4640
"山中で<span class=""empha"">吹螺</span>を吹く。",ほらがい,吹螺ほらがい,4641
"思慮が浅く<span class=""empha"">路</span>を誤る。",みち,路みち,4642
"度重なる失策を<span class=""empha"">詰</span>る。",なじ,詰なじ,4643
"激痛に<span class=""empha"">悶</span>える。",もだ,悶もだ,4644
"神社に<span class=""empha"">黒橿</span>が並ぶ。",くろがし,黒橿くろがし,4645
"<span class=""empha"">羅</span>を身に纏う。",うすぎぬ,羅うすぎぬ,4646
"関係者に疑点を<span class=""empha"">質</span>す。",ただ,質ただ,4647
"<span class=""empha"">鶯</span>が春を告げる。",うぐいす,鶯うぐいす,4648
"<span class=""empha"">賤</span>しい身となる。",いや,賤いや,4649
"絶体絶命の<span class=""empha"">鍔際</span>だ。",つばぎわ,鍔際つばぎわ,4650
"<span class=""empha"">辻斬</span>りに遭遇する。",つじぎ,辻斬つじぎ,4651
"<span class=""empha"">茜雲</span>が秋空に耀く。",あかねぐも,茜雲あかねぐも,4652
"<span class=""empha"">大凡</span>の見当は付く。",おおよそ,大凡おおよそ,4653
"<span class=""empha"">黍</span>餅を焼く。",きび,黍きび,4654
"<span class=""empha"">勾玉</span>が出土する。",まがたま,勾玉まがたま,4655
"血気<span class=""empha"">旺</span>んな若者だ。",さか,旺さか,4656
"暖炉の<span class=""empha"">側</span>に寄る。",そば,側そば,4657
"静かな保養所で<span class=""empha"">寛</span>ぐ。",くつろ,寛くつろ,4658
"宗家の<span class=""empha"">弥栄</span>を祈る。",いやさか,弥栄いやさか,4659
"<span class=""empha"">曲者</span>が忍び込む。",くせもの,曲者くせもの,4660
"手際よく仕事を<span class=""empha"">熟</span>す。",こな,熟こな,4661
"勢いが<span class=""empha"">昌</span>んになる。",さか,昌さか,4662
"満開の桜を<span class=""empha"">愛</span>でる。",め,愛め,4663
"<span class=""empha"">苧殻</span>を焚く。",おがら,苧殻おがら,4664
"<span class=""empha"">丙午</span>に大火が起こる。",ひのえうま,丙午ひのえうま,4665
"<span class=""empha"">御簾</span>を巻き上げる。",みす,御簾みす,4666
"<span class=""empha"">常闇</span>に包まれる。",とこやみ,常闇とこやみ,4667
"事件の<span class=""empha"">緒</span>をつかむ。",いとぐち,緒いとぐち,4668
"<span class=""empha"">篠笹</span>が茂る。",しのざさ,篠笹しのざさ,4669
"庭園に<span class=""empha"">柊</span>を植える。",ひいらぎ,柊ひいらぎ,4670
"<span class=""empha"">小径</span>を散歩する。",こみち,小径こみち,4671
"<span class=""empha"">斑入</span>りの花を飾る。",ふい,斑入ふい,4672
"<span class=""empha"">蟻</span>が土に巣穴を作る。",あり,蟻あり,4673
"<span class=""empha"">糠袋</span>で体を洗う。",ぬかぶくろ,糠袋ぬかぶくろ,4674
"コートの<span class=""empha"">衿</span>を立てる。",えり,衿えり,4675
"ひどく<span class=""empha"">吃</span>る癖がある。",ども,吃ども,4676
"知る<span class=""empha"">由</span>もない。",よし,由よし,4677
"瓶の上が<span class=""empha"">括</span>れている。",くび,括くび,4678
"神を<span class=""empha"">象</span>った像を作る。",かたど,象かたど,4679
"<span class=""empha"">寝惚</span>けて蹴つまずく。",ねぼ,寝惚ねぼ,4680
"<span class=""empha"">葦火</span>を焚き暖をとる。",あしび,葦火あしび,4681
"商いが<span class=""empha"">朽</span>れる。",すた,朽すた,4682
"<span class=""empha"">鯉濃</span>を馳走する。",こいこく,鯉濃こいこく,4683
"<span class=""empha"">気忙</span>しい年の暮れだ。",きぜわ,気忙きぜわ,4684
"福祉行政を<span class=""empha"">掌</span>る。",つかさど,掌つかさど,4685
"<span class=""empha"">轡虫</span>の声が騒々しい。",くつわむし,轡虫くつわむし,4686
"<span class=""empha"">己亥</span>の年を迎える。",つちのとい,己亥つちのとい,4687
"<span class=""empha"">直</span>向きに努力する。",ひた,直ひた,4688
"<span class=""empha"">粥腹</span>で力が入らない。",かゆばら,粥腹かゆばら,4689
"<span class=""empha"">鋸屑</span>を燃料に用いる。",のこくず,鋸屑のこくず,4690
"<span class=""empha"">小噺</span>を披露する。",こばなし,小噺こばなし,4691
"苦労の<span class=""empha"">甲斐</span>があった。",かい,甲斐かい,4692
"前例に<span class=""empha"">則</span>って決める。",のっと,則のっと,4693
"日々研究に<span class=""empha"">勤</span>しむ。",いそ,勤いそ,4694
"敵を前に<span class=""empha"">後退</span>りする。",あとずさ,後退あとずさ,4695
"<span class=""empha"">朔</span>に市が立つ。",ついたち,朔ついたち,4696
"起きて<span class=""empha"">髭</span>を剃る。",くちひげ,髭くちひげ,4697
"商品を豊富に<span class=""empha"">揃</span>える。",そろ,揃そろ,4698
"冬至に<span class=""empha"">柚湯</span>に浸かる。",ゆずゆ,柚湯ゆずゆ,4699
"企業秘密が<span class=""empha"">露</span>になる。",あらわ,露あらわ,4700
"桜の下で<span class=""empha"">野点</span>する。",のだて,野点のだて,4701
"<span class=""empha"">厨</span>で食事を用意する。",くりや,厨くりや,4702
"綿糸を<span class=""empha"">二梱</span>仕入れる。",ふたこり,二梱ふたこり,4703
"余命<span class=""empha"">幾何</span>もない。",いくばく,幾何いくばく,4704
"<span class=""empha"">薄</span>が鬱蒼と茂る。",すすき,薄すすき,4705
"運動して体が<span class=""empha"">熱</span>った。",ほて,熱ほて,4706
"<span class=""empha"">朝凪</span>の海で舟を漕ぐ。",あさなぎ,朝凪あさなぎ,4707
"<span class=""empha"">杯</span>を酌み交わす。",さかずき,杯さかずき,4708
"弟子が師に<span class=""empha"">楯突</span>く。",たてつ,楯突たてつ,4709
"幼子に<span class=""empha"">御伽噺</span>を読む。",おとぎばなし,御伽噺おとぎばなし,4710
"<span class=""empha"">畷</span>をひたすら歩く。",なわて,畷なわて,4711
"川で<span class=""empha"">鮎汲</span>みをする。",あゆく,鮎汲あゆく,4712
"鉛筆を<span class=""empha"">散</span>で売る。",ばら,散ばら,4713
"山中を<span class=""empha"">隈</span>なく捜す。",くま,隈くま,4714
"我が心石に<span class=""empha"">匪</span>ず。",あら,匪あら,4715
"材木を鋸で<span class=""empha"">挽</span>き切る。",ひ,挽ひ,4716
"川が<span class=""empha"">二俣</span>に分かれる。",ふたまた,二俣ふたまた,4717
"外套の<span class=""empha"">釦</span>を外す。",ぼたん,釦ぼたん,4718
"<span class=""empha"">伝</span>を頼って上京する。",つて,伝つて,4719
"板を<span class=""empha"">井桁</span>に組む。",いげた,井桁いげた,4720
"<span class=""empha"">幌</span>をかけて走る。",ほろ,幌ほろ,4721
"<span class=""empha"">長柄</span>の柄杓で掬う。",ながえ,長柄ながえ,4722
"<span class=""empha"">縞鰺</span>を三枚に下ろす。",しまあじ,縞鰺しまあじ,4723
"<span class=""empha"">椋</span>はなっても木は榎。",むく,椋むく,4724
"<span class=""empha"">私</span>かに画策する。",ひそ,私ひそ,4725
"<span class=""empha"">剰</span>え、風も強くなる。",あまつさ,剰あまつさ,4726
"縄を<span class=""empha"">糾</span>う。",あざな,糾あざな,4727
"<span class=""empha"">徐</span>に口を開く。",おもむろ,徐おもむろ,4728
"釣り糸に<span class=""empha"">錘</span>を付ける。",おもり,錘おもり,4729
"全容を<span class=""empha"">詳</span>らかにする。",つまび,詳つまび,4730
"子供のように<span class=""empha"">燥</span>ぐ。",はしゃ,燥はしゃ,4731
"人生を旅に<span class=""empha"">准</span>える。",なぞら,准なぞら,4732
"<span class=""empha"">姥目樫</span>の実を拾う。",うばめがし,姥目樫うばめがし,4733
"緻密な作戦を<span class=""empha"">煉</span>る。",ね,煉ね,4734
"闇夜に烏、雪に<span class=""empha"">鷺</span>。",さぎ,鷺さぎ,4735
"夜に<span class=""empha"">蔀戸</span>を下ろす。",しとみど,蔀戸しとみど,4736
"<span class=""empha"">虎斑</span>の猫が横切る。",とらふ,虎斑とらふ,4737
"<span class=""empha"">柾</span>の生け垣で囲む。",まさき,柾まさき,4738
"いずれにも<span class=""empha"">与</span>しない。",くみ,与くみ,4739
"風が止み<span class=""empha"">油凪</span>となる。",あぶらなぎ,油凪あぶらなぎ,4740
"<span class=""empha"">竿</span>に釣り糸を付ける。",さお,竿さお,4741
"<span class=""empha"">榎茸</span>を吸い物にする。",えのきだけ,榎茸えのきだけ,4742
"<span class=""empha"">筏形</span>に花を生ける。",いかだがた,筏形いかだがた,4743
"敵軍が背後から<span class=""empha"">逼</span>る。",せま,逼せま,4744
"気分が<span class=""empha"">鬱</span>ぎ込む。",ふさ,鬱ふさ,4745
"尉と<span class=""empha"">姥</span>の置物を買う。",うば,姥うば,4746
